-- --------------------------------------------------------
-- Servidor:                     localhost
-- Versão do servidor:           5.5.50 - MySQL Community Server (GPL)
-- OS do Servidor:               Win64
-- HeidiSQL Versão:              9.3.0.4984
-- --------------------------------------------------------

/*!40101 SET @OLD_CHARACTER_SET_CLIENT=@@CHARACTER_SET_CLIENT */;
/*!40101 SET NAMES utf8mb4 */;
/*!40014 SET @OLD_FOREIGN_KEY_CHECKS=@@FOREIGN_KEY_CHECKS, FOREIGN_KEY_CHECKS=0 */;
/*!40101 SET @OLD_SQL_MODE=@@SQL_MODE, SQL_MODE='NO_AUTO_VALUE_ON_ZERO' */;

-- Copiando estrutura do banco de dados para teste_uds
CREATE DATABASE IF NOT EXISTS `teste_uds` /*!40100 DEFAULT CHARACTER SET latin1 */;
USE `teste_uds`;


-- Copiando estrutura para tabela teste_uds.adicionals
CREATE TABLE IF NOT EXISTS `adicionals` (
  `id` int(10) unsigned NOT NULL AUTO_INCREMENT,
  `nome` varchar(30) COLLATE utf8_unicode_ci NOT NULL,
  `valor` decimal(16,4) NOT NULL,
  `tempo_adicional` int(11) NOT NULL,
  `created_at` timestamp NOT NULL DEFAULT '0000-00-00 00:00:00',
  `updated_at` timestamp NOT NULL DEFAULT '0000-00-00 00:00:00',
  PRIMARY KEY (`id`)
) ENGINE=InnoDB AUTO_INCREMENT=4 DEFAULT CHARSET=utf8 COLLATE=utf8_unicode_ci;

-- Copiando dados para a tabela teste_uds.adicionals: ~3 rows (aproximadamente)
/*!40000 ALTER TABLE `adicionals` DISABLE KEYS */;
INSERT INTO `adicionals` (`id`, `nome`, `valor`, `tempo_adicional`, `created_at`, `updated_at`) VALUES
	(1, 'Extra Bacon', 3.0000, 0, '2019-03-04 21:52:09', '2019-03-04 21:52:09'),
	(2, 'Sem Cebola', 0.0000, 0, '2019-03-04 21:52:09', '2019-03-04 21:52:09'),
	(3, 'Borda Recheada', 5.0000, 5, '2019-03-04 21:52:09', '2019-03-04 21:52:09');
/*!40000 ALTER TABLE `adicionals` ENABLE KEYS */;


-- Copiando estrutura para tabela teste_uds.migrations
CREATE TABLE IF NOT EXISTS `migrations` (
  `migration` varchar(255) COLLATE utf8_unicode_ci NOT NULL,
  `batch` int(11) NOT NULL
) ENGINE=InnoDB DEFAULT CHARSET=utf8 COLLATE=utf8_unicode_ci;

-- Copiando dados para a tabela teste_uds.migrations: ~8 rows (aproximadamente)
/*!40000 ALTER TABLE `migrations` DISABLE KEYS */;
INSERT INTO `migrations` (`migration`, `batch`) VALUES
	('2014_10_12_000000_create_users_table', 1),
	('2014_10_12_100000_create_password_resets_table', 1),
	('2019_03_04_072011_create_sabors_table', 1),
	('2019_03_04_172151_create_tamanhos_table', 1),
	('2019_03_04_271710_create_adicionals_table', 1),
	('2019_03_04_371808_create_pizzas_table', 1),
	('2019_03_04_471912_create_pizza_adicionals_table', 1),
	('2019_03_04_571735_create_pedidos_table', 1);
/*!40000 ALTER TABLE `migrations` ENABLE KEYS */;


-- Copiando estrutura para tabela teste_uds.password_resets
CREATE TABLE IF NOT EXISTS `password_resets` (
  `email` varchar(255) COLLATE utf8_unicode_ci NOT NULL,
  `token` varchar(255) COLLATE utf8_unicode_ci NOT NULL,
  `created_at` timestamp NOT NULL DEFAULT '0000-00-00 00:00:00',
  KEY `password_resets_email_index` (`email`),
  KEY `password_resets_token_index` (`token`)
) ENGINE=InnoDB DEFAULT CHARSET=utf8 COLLATE=utf8_unicode_ci;

-- Copiando dados para a tabela teste_uds.password_resets: ~0 rows (aproximadamente)
/*!40000 ALTER TABLE `password_resets` DISABLE KEYS */;
/*!40000 ALTER TABLE `password_resets` ENABLE KEYS */;


-- Copiando estrutura para tabela teste_uds.pedidos
CREATE TABLE IF NOT EXISTS `pedidos` (
  `id` int(10) unsigned NOT NULL AUTO_INCREMENT,
  `pizza_id` int(10) unsigned NOT NULL,
  `valor_total` decimal(16,4) NOT NULL,
  `tempo_preparo_total` int(11) NOT NULL,
  `created_at` timestamp NOT NULL DEFAULT '0000-00-00 00:00:00',
  `updated_at` timestamp NOT NULL DEFAULT '0000-00-00 00:00:00',
  PRIMARY KEY (`id`),
  KEY `pedidos_pizza_id_foreign` (`pizza_id`),
  CONSTRAINT `pedidos_pizza_id_foreign` FOREIGN KEY (`pizza_id`) REFERENCES `pizzas` (`id`)
) ENGINE=InnoDB AUTO_INCREMENT=126 DEFAULT CHARSET=utf8 COLLATE=utf8_unicode_ci;

-- Copiando dados para a tabela teste_uds.pedidos: ~3 rows (aproximadamente)
/*!40000 ALTER TABLE `pedidos` DISABLE KEYS */;
INSERT INTO `pedidos` (`id`, `pizza_id`, `valor_total`, `tempo_preparo_total`, `created_at`, `updated_at`) VALUES
	(1, 3, 50.0000, 60, '2019-03-05 03:06:47', '2019-03-05 03:06:47'),
	(2, 3, 50.0000, 60, '2019-03-05 05:39:29', '2019-03-05 05:39:29'),
	(3, 29, 38.0000, 25, '2019-03-06 09:15:52', '2019-03-06 09:15:52'),
	(4, 30, 48.0000, 35, '2019-03-06 09:17:06', '2019-03-06 09:17:06'),
	(5, 31, 48.0000, 35, '2019-03-06 11:23:20', '2019-03-06 11:23:20'),
	(6, 32, 48.0000, 35, '2019-03-06 11:31:49', '2019-03-06 11:31:49'),
	(7, 33, 48.0000, 30, '2019-03-06 11:36:36', '2019-03-06 11:36:36'),
	(8, 34, 48.0000, 35, '2019-03-06 11:38:18', '2019-03-06 11:38:18'),
	(9, 35, 30.0000, 20, '2019-03-06 11:40:33', '2019-03-06 11:40:33'),
	(10, 36, 48.0000, 30, '2019-03-06 11:42:02', '2019-03-06 11:42:02'),
	(11, 37, 48.0000, 30, '2019-03-06 11:48:30', '2019-03-06 11:48:30'),
	(12, 38, 23.0000, 15, '2019-03-06 11:49:40', '2019-03-06 11:49:40'),
	(13, 39, 48.0000, 30, '2019-03-06 12:06:24', '2019-03-06 12:06:24'),
	(14, 40, 48.0000, 30, '2019-03-06 12:22:06', '2019-03-06 12:22:06'),
	(15, 41, 48.0000, 30, '2019-03-06 12:25:05', '2019-03-06 12:25:05'),
	(16, 42, 48.0000, 30, '2019-03-06 12:32:48', '2019-03-06 12:32:48'),
	(17, 43, 28.0000, 20, '2019-03-06 12:34:04', '2019-03-06 12:34:04'),
	(18, 44, 48.0000, 30, '2019-03-06 12:36:49', '2019-03-06 12:36:49'),
	(19, 45, 38.0000, 25, '2019-03-06 12:39:41', '2019-03-06 12:39:41'),
	(20, 46, 28.0000, 20, '2019-03-06 13:03:50', '2019-03-06 13:03:50'),
	(21, 47, 43.0000, 25, '2019-03-06 13:05:32', '2019-03-06 13:05:32'),
	(22, 48, 48.0000, 30, '2019-03-06 13:16:56', '2019-03-06 13:16:56'),
	(23, 49, 48.0000, 30, '2019-03-06 13:19:02', '2019-03-06 13:19:02'),
	(24, 50, 38.0000, 30, '2019-03-06 13:28:27', '2019-03-06 13:28:27'),
	(25, 51, 38.0000, 25, '2019-03-06 13:32:13', '2019-03-06 13:32:13'),
	(26, 52, 48.0000, 30, '2019-03-06 13:34:32', '2019-03-06 13:34:32'),
	(27, 53, 48.0000, 30, '2019-03-06 13:38:41', '2019-03-06 13:38:41'),
	(28, 54, 48.0000, 30, '2019-03-06 13:41:39', '2019-03-06 13:41:39'),
	(29, 55, 38.0000, 25, '2019-03-06 13:50:36', '2019-03-06 13:50:36'),
	(30, 56, 48.0000, 30, '2019-03-06 14:03:10', '2019-03-06 14:03:10'),
	(31, 57, 45.0000, 30, '2019-03-06 14:06:10', '2019-03-06 14:06:10'),
	(32, 58, 48.0000, 30, '2019-03-06 14:14:53', '2019-03-06 14:14:53'),
	(33, 59, 48.0000, 30, '2019-03-06 14:19:02', '2019-03-06 14:19:02'),
	(34, 60, 28.0000, 20, '2019-03-06 14:21:09', '2019-03-06 14:21:09'),
	(35, 61, 28.0000, 20, '2019-03-06 14:23:09', '2019-03-06 14:23:09'),
	(36, 62, 48.0000, 35, '2019-03-06 14:26:24', '2019-03-06 14:26:24'),
	(37, 63, 48.0000, 30, '2019-03-06 14:32:23', '2019-03-06 14:32:23'),
	(38, 64, 38.0000, 25, '2019-03-06 14:34:34', '2019-03-06 14:34:34'),
	(39, 65, 48.0000, 35, '2019-03-06 14:35:47', '2019-03-06 14:35:47'),
	(40, 66, 48.0000, 30, '2019-03-06 14:38:11', '2019-03-06 14:38:11'),
	(41, 67, 48.0000, 30, '2019-03-06 14:40:04', '2019-03-06 14:40:04'),
	(42, 68, 48.0000, 30, '2019-03-06 14:44:40', '2019-03-06 14:44:40'),
	(43, 69, 48.0000, 30, '2019-03-06 14:46:32', '2019-03-06 14:46:32'),
	(44, 70, 48.0000, 30, '2019-03-06 14:51:10', '2019-03-06 14:51:10'),
	(45, 71, 48.0000, 30, '2019-03-06 14:53:29', '2019-03-06 14:53:29'),
	(46, 72, 48.0000, 30, '2019-03-06 14:55:59', '2019-03-06 14:55:59'),
	(47, 73, 48.0000, 30, '2019-03-06 14:57:29', '2019-03-06 14:57:29'),
	(48, 74, 38.0000, 25, '2019-03-06 14:59:37', '2019-03-06 14:59:37'),
	(49, 75, 38.0000, 25, '2019-03-06 15:01:26', '2019-03-06 15:01:26'),
	(50, 76, 48.0000, 30, '2019-03-06 15:04:17', '2019-03-06 15:04:17'),
	(51, 77, 28.0000, 20, '2019-03-06 15:05:46', '2019-03-06 15:05:46'),
	(52, 78, 48.0000, 30, '2019-03-06 15:09:11', '2019-03-06 15:09:11'),
	(53, 79, 48.0000, 35, '2019-03-06 15:53:23', '2019-03-06 15:53:23'),
	(54, 80, 48.0000, 30, '2019-03-06 15:55:42', '2019-03-06 15:55:42'),
	(55, 81, 48.0000, 30, '2019-03-06 15:57:02', '2019-03-06 15:57:02'),
	(56, 82, 48.0000, 30, '2019-03-06 16:00:37', '2019-03-06 16:00:37'),
	(57, 83, 48.0000, 30, '2019-03-06 16:02:57', '2019-03-06 16:02:57'),
	(58, 84, 48.0000, 30, '2019-03-06 16:05:30', '2019-03-06 16:05:30'),
	(59, 85, 48.0000, 30, '2019-03-06 16:07:10', '2019-03-06 16:07:10'),
	(60, 86, 48.0000, 30, '2019-03-06 16:08:59', '2019-03-06 16:08:59'),
	(61, 87, 48.0000, 35, '2019-03-06 16:13:10', '2019-03-06 16:13:10'),
	(62, 88, 48.0000, 35, '2019-03-06 16:17:19', '2019-03-06 16:17:19'),
	(63, 89, 38.0000, 25, '2019-03-06 16:18:54', '2019-03-06 16:18:54'),
	(64, 90, 45.0000, 30, '2019-03-06 16:20:49', '2019-03-06 16:20:49'),
	(65, 91, 45.0000, 30, '2019-03-06 16:23:04', '2019-03-06 16:23:04'),
	(66, 92, 45.0000, 30, '2019-03-06 16:24:09', '2019-03-06 16:24:09'),
	(67, 93, 45.0000, 30, '2019-03-06 16:24:47', '2019-03-06 16:24:47'),
	(68, 94, 45.0000, 30, '2019-03-06 16:25:39', '2019-03-06 16:25:39'),
	(69, 95, 45.0000, 30, '2019-03-06 16:26:29', '2019-03-06 16:26:29'),
	(70, 96, 45.0000, 30, '2019-03-06 16:27:08', '2019-03-06 16:27:08'),
	(71, 97, 45.0000, 30, '2019-03-06 16:27:54', '2019-03-06 16:27:54'),
	(72, 98, 45.0000, 30, '2019-03-06 16:28:52', '2019-03-06 16:28:52'),
	(73, 99, 30.0000, 20, '2019-03-06 16:30:02', '2019-03-06 16:30:02'),
	(74, 100, 30.0000, 20, '2019-03-06 16:31:13', '2019-03-06 16:31:13'),
	(75, 101, 30.0000, 20, '2019-03-06 16:32:22', '2019-03-06 16:32:22'),
	(76, 102, 30.0000, 20, '2019-03-06 16:34:38', '2019-03-06 16:34:38'),
	(77, 103, 23.0000, 15, '2019-03-06 16:35:35', '2019-03-06 16:35:35'),
	(78, 104, 23.0000, 15, '2019-03-06 16:37:11', '2019-03-06 16:37:11'),
	(79, 105, 23.0000, 15, '2019-03-06 16:37:52', '2019-03-06 16:37:52'),
	(80, 106, 30.0000, 20, '2019-03-06 16:38:26', '2019-03-06 16:38:26'),
	(81, 107, 30.0000, 20, '2019-03-06 16:38:58', '2019-03-06 16:38:58'),
	(82, 108, 30.0000, 20, '2019-03-06 16:39:34', '2019-03-06 16:39:34'),
	(83, 109, 30.0000, 20, '2019-03-06 16:40:39', '2019-03-06 16:40:39'),
	(84, 110, 35.0000, 25, '2019-03-06 16:41:24', '2019-03-06 16:41:24'),
	(85, 111, 38.0000, 25, '2019-03-06 16:42:52', '2019-03-06 16:42:52'),
	(86, 112, 38.0000, 25, '2019-03-06 16:45:36', '2019-03-06 16:45:36'),
	(87, 113, 48.0000, 30, '2019-03-06 17:31:24', '2019-03-06 17:31:24'),
	(88, 114, 28.0000, 20, '2019-03-06 17:34:08', '2019-03-06 17:34:08'),
	(89, 115, 43.0000, 25, '2019-03-06 17:35:10', '2019-03-06 17:35:10'),
	(90, 116, 48.0000, 30, '2019-03-06 17:54:27', '2019-03-06 17:54:27'),
	(91, 117, 48.0000, 30, '2019-03-06 17:56:02', '2019-03-06 17:56:02'),
	(92, 118, 20.0000, 20, '2019-03-06 18:06:53', '2019-03-06 18:06:53'),
	(93, 119, 40.0000, 30, '2019-03-06 19:03:35', '2019-03-06 19:03:35'),
	(94, 120, 45.0000, 35, '2019-03-06 19:06:32', '2019-03-06 19:06:32'),
	(95, 121, 45.0000, 35, '2019-03-06 19:13:49', '2019-03-06 19:13:49'),
	(96, 122, 48.0000, 35, '2019-03-06 19:16:04', '2019-03-06 19:16:04'),
	(97, 123, 43.0000, 30, '2019-03-06 19:18:25', '2019-03-06 19:18:25'),
	(98, 124, 28.0000, 25, '2019-03-06 19:20:39', '2019-03-06 19:20:39'),
	(99, 125, 38.0000, 30, '2019-03-06 19:26:46', '2019-03-06 19:26:46'),
	(100, 126, 48.0000, 35, '2019-03-06 19:30:07', '2019-03-06 19:30:07'),
	(101, 127, 23.0000, 20, '2019-03-06 19:31:06', '2019-03-06 19:31:06'),
	(102, 128, 33.0000, 25, '2019-03-06 19:32:22', '2019-03-06 19:32:22'),
	(103, 129, 40.0000, 30, '2019-03-06 19:33:50', '2019-03-06 19:33:50'),
	(104, 130, 20.0000, 15, '2019-03-06 19:35:48', '2019-03-06 19:35:48'),
	(105, 131, 30.0000, 20, '2019-03-06 19:36:53', '2019-03-06 19:36:53'),
	(106, 132, 40.0000, 25, '2019-03-06 19:38:16', '2019-03-06 19:38:16'),
	(107, 133, 23.0000, 15, '2019-03-06 19:40:06', '2019-03-06 19:40:06'),
	(108, 134, 33.0000, 20, '2019-03-06 19:41:04', '2019-03-06 19:41:04'),
	(109, 135, 33.0000, 20, '2019-03-06 19:42:30', '2019-03-06 19:42:30'),
	(110, 136, 43.0000, 25, '2019-03-06 19:43:16', '2019-03-06 19:43:16'),
	(111, 137, 28.0000, 20, '2019-03-06 19:44:27', '2019-03-06 19:44:27'),
	(112, 138, 38.0000, 25, '2019-03-06 19:45:44', '2019-03-06 19:45:44'),
	(113, 139, 48.0000, 30, '2019-03-06 19:47:24', '2019-03-06 19:47:24'),
	(114, 140, 20.0000, 15, '2019-03-06 19:56:18', '2019-03-06 19:56:18'),
	(115, 141, 40.0000, 25, '2019-03-06 19:57:40', '2019-03-06 19:57:40'),
	(116, 142, 20.0000, 20, '2019-03-06 19:59:15', '2019-03-06 19:59:15'),
	(117, 143, 20.0000, 15, '2019-03-06 20:01:07', '2019-03-06 20:01:07'),
	(118, 144, 30.0000, 20, '2019-03-06 20:02:08', '2019-03-06 20:02:08'),
	(119, 145, 40.0000, 25, '2019-03-06 20:02:57', '2019-03-06 20:02:57'),
	(120, 146, 23.0000, 15, '2019-03-06 20:03:48', '2019-03-06 20:03:48'),
	(121, 147, 33.0000, 20, '2019-03-06 20:04:36', '2019-03-06 20:04:36'),
	(122, 148, 43.0000, 25, '2019-03-06 20:05:38', '2019-03-06 20:05:38'),
	(123, 149, 25.0000, 20, '2019-03-06 20:06:22', '2019-03-06 20:06:22'),
	(124, 150, 35.0000, 25, '2019-03-06 20:07:02', '2019-03-06 20:07:02'),
	(125, 151, 45.0000, 30, '2019-03-06 20:07:46', '2019-03-06 20:07:46');
/*!40000 ALTER TABLE `pedidos` ENABLE KEYS */;


-- Copiando estrutura para tabela teste_uds.pizzas
CREATE TABLE IF NOT EXISTS `pizzas` (
  `id` int(10) unsigned NOT NULL AUTO_INCREMENT,
  `sabor_id` int(10) unsigned NOT NULL,
  `tamanho_id` int(10) unsigned NOT NULL,
  `created_at` timestamp NOT NULL DEFAULT '0000-00-00 00:00:00',
  `updated_at` timestamp NOT NULL DEFAULT '0000-00-00 00:00:00',
  PRIMARY KEY (`id`),
  KEY `pizzas_sabor_id_foreign` (`sabor_id`),
  KEY `pizzas_tamanho_id_foreign` (`tamanho_id`),
  CONSTRAINT `pizzas_tamanho_id_foreign` FOREIGN KEY (`tamanho_id`) REFERENCES `tamanhos` (`id`),
  CONSTRAINT `pizzas_sabor_id_foreign` FOREIGN KEY (`sabor_id`) REFERENCES `sabors` (`id`)
) ENGINE=InnoDB AUTO_INCREMENT=152 DEFAULT CHARSET=utf8 COLLATE=utf8_unicode_ci;

-- Copiando dados para a tabela teste_uds.pizzas: ~23 rows (aproximadamente)
/*!40000 ALTER TABLE `pizzas` DISABLE KEYS */;
INSERT INTO `pizzas` (`id`, `sabor_id`, `tamanho_id`, `created_at`, `updated_at`) VALUES
	(3, 1, 1, '2019-03-05 00:11:20', '2019-03-05 00:11:20'),
	(4, 1, 1, '2019-03-05 00:12:33', '2019-03-05 00:12:33'),
	(9, 1, 3, '2019-03-06 05:50:28', '2019-03-06 05:50:28'),
	(10, 3, 2, '2019-03-06 05:52:37', '2019-03-06 05:52:37'),
	(11, 2, 2, '2019-03-06 05:54:53', '2019-03-06 05:54:53'),
	(12, 3, 3, '2019-03-06 05:55:42', '2019-03-06 05:55:42'),
	(13, 1, 1, '2019-03-06 05:57:03', '2019-03-06 05:57:03'),
	(14, 1, 2, '2019-03-06 05:59:08', '2019-03-06 05:59:08'),
	(15, 1, 2, '2019-03-06 06:00:58', '2019-03-06 06:00:58'),
	(16, 2, 3, '2019-03-06 06:03:51', '2019-03-06 06:03:51'),
	(17, 1, 3, '2019-03-06 06:05:45', '2019-03-06 06:05:45'),
	(18, 3, 1, '2019-03-06 06:06:28', '2019-03-06 06:06:28'),
	(19, 1, 2, '2019-03-06 06:13:36', '2019-03-06 06:13:36'),
	(20, 1, 3, '2019-03-06 06:14:53', '2019-03-06 06:14:53'),
	(21, 1, 3, '2019-03-06 06:16:36', '2019-03-06 06:16:36'),
	(22, 3, 3, '2019-03-06 06:32:23', '2019-03-06 06:32:23'),
	(23, 3, 3, '2019-03-06 07:10:30', '2019-03-06 07:10:30'),
	(24, 2, 3, '2019-03-06 07:11:48', '2019-03-06 07:11:48'),
	(25, 3, 3, '2019-03-06 07:20:57', '2019-03-06 07:20:57'),
	(26, 2, 2, '2019-03-06 07:21:35', '2019-03-06 07:21:35'),
	(27, 1, 3, '2019-03-06 08:22:27', '2019-03-06 08:22:27'),
	(28, 1, 2, '2019-03-06 09:14:05', '2019-03-06 09:14:05'),
	(29, 2, 2, '2019-03-06 09:15:46', '2019-03-06 09:15:46'),
	(30, 3, 3, '2019-03-06 09:16:56', '2019-03-06 09:16:56'),
	(31, 3, 3, '2019-03-06 11:23:09', '2019-03-06 11:23:09'),
	(32, 3, 3, '2019-03-06 11:31:43', '2019-03-06 11:31:43'),
	(33, 1, 3, '2019-03-06 11:36:30', '2019-03-06 11:36:30'),
	(34, 3, 3, '2019-03-06 11:38:11', '2019-03-06 11:38:11'),
	(35, 2, 2, '2019-03-06 11:40:28', '2019-03-06 11:40:28'),
	(36, 1, 3, '2019-03-06 11:41:56', '2019-03-06 11:41:56'),
	(37, 2, 3, '2019-03-06 11:48:22', '2019-03-06 11:48:22'),
	(38, 1, 1, '2019-03-06 11:49:35', '2019-03-06 11:49:35'),
	(39, 1, 3, '2019-03-06 12:06:18', '2019-03-06 12:06:18'),
	(40, 1, 3, '2019-03-06 12:21:59', '2019-03-06 12:21:59'),
	(41, 1, 3, '2019-03-06 12:24:56', '2019-03-06 12:24:56'),
	(42, 1, 3, '2019-03-06 12:32:42', '2019-03-06 12:32:42'),
	(43, 2, 1, '2019-03-06 12:33:55', '2019-03-06 12:33:55'),
	(44, 1, 3, '2019-03-06 12:36:42', '2019-03-06 12:36:42'),
	(45, 1, 2, '2019-03-06 12:39:33', '2019-03-06 12:39:33'),
	(46, 1, 1, '2019-03-06 13:03:42', '2019-03-06 13:03:42'),
	(47, 1, 3, '2019-03-06 13:05:23', '2019-03-06 13:05:23'),
	(48, 1, 3, '2019-03-06 13:16:48', '2019-03-06 13:16:48'),
	(49, 1, 3, '2019-03-06 13:18:56', '2019-03-06 13:18:56'),
	(50, 3, 2, '2019-03-06 13:28:19', '2019-03-06 13:28:19'),
	(51, 1, 2, '2019-03-06 13:32:05', '2019-03-06 13:32:05'),
	(52, 2, 3, '2019-03-06 13:34:21', '2019-03-06 13:34:21'),
	(53, 1, 3, '2019-03-06 13:38:32', '2019-03-06 13:38:32'),
	(54, 2, 3, '2019-03-06 13:41:28', '2019-03-06 13:41:28'),
	(55, 2, 2, '2019-03-06 13:50:27', '2019-03-06 13:50:27'),
	(56, 1, 3, '2019-03-06 14:02:57', '2019-03-06 14:02:57'),
	(57, 2, 3, '2019-03-06 14:06:06', '2019-03-06 14:06:06'),
	(58, 1, 3, '2019-03-06 14:14:45', '2019-03-06 14:14:45'),
	(59, 1, 3, '2019-03-06 14:18:54', '2019-03-06 14:18:54'),
	(60, 1, 1, '2019-03-06 14:20:57', '2019-03-06 14:20:57'),
	(61, 1, 1, '2019-03-06 14:23:01', '2019-03-06 14:23:01'),
	(62, 3, 3, '2019-03-06 14:26:15', '2019-03-06 14:26:15'),
	(63, 2, 3, '2019-03-06 14:32:16', '2019-03-06 14:32:16'),
	(64, 1, 2, '2019-03-06 14:34:23', '2019-03-06 14:34:23'),
	(65, 3, 3, '2019-03-06 14:35:38', '2019-03-06 14:35:38'),
	(66, 1, 3, '2019-03-06 14:37:57', '2019-03-06 14:37:57'),
	(67, 2, 3, '2019-03-06 14:39:56', '2019-03-06 14:39:56'),
	(68, 1, 3, '2019-03-06 14:44:32', '2019-03-06 14:44:32'),
	(69, 1, 3, '2019-03-06 14:46:19', '2019-03-06 14:46:19'),
	(70, 1, 3, '2019-03-06 14:50:54', '2019-03-06 14:50:54'),
	(71, 1, 3, '2019-03-06 14:53:21', '2019-03-06 14:53:21'),
	(72, 1, 3, '2019-03-06 14:55:50', '2019-03-06 14:55:50'),
	(73, 2, 3, '2019-03-06 14:57:20', '2019-03-06 14:57:20'),
	(74, 1, 2, '2019-03-06 14:59:29', '2019-03-06 14:59:29'),
	(75, 1, 2, '2019-03-06 15:01:18', '2019-03-06 15:01:18'),
	(76, 1, 3, '2019-03-06 15:04:08', '2019-03-06 15:04:08'),
	(77, 1, 1, '2019-03-06 15:05:35', '2019-03-06 15:05:35'),
	(78, 1, 3, '2019-03-06 15:09:01', '2019-03-06 15:09:01'),
	(79, 3, 3, '2019-03-06 15:53:09', '2019-03-06 15:53:09'),
	(80, 2, 3, '2019-03-06 15:55:33', '2019-03-06 15:55:33'),
	(81, 1, 3, '2019-03-06 15:56:49', '2019-03-06 15:56:49'),
	(82, 1, 3, '2019-03-06 16:00:29', '2019-03-06 16:00:29'),
	(83, 1, 3, '2019-03-06 16:02:47', '2019-03-06 16:02:47'),
	(84, 1, 3, '2019-03-06 16:05:22', '2019-03-06 16:05:22'),
	(85, 1, 3, '2019-03-06 16:06:58', '2019-03-06 16:06:58'),
	(86, 1, 3, '2019-03-06 16:08:48', '2019-03-06 16:08:48'),
	(87, 3, 3, '2019-03-06 16:13:00', '2019-03-06 16:13:00'),
	(88, 3, 3, '2019-03-06 16:17:10', '2019-03-06 16:17:10'),
	(89, 1, 2, '2019-03-06 16:18:41', '2019-03-06 16:18:41'),
	(90, 2, 3, '2019-03-06 16:20:42', '2019-03-06 16:20:42'),
	(91, 2, 3, '2019-03-06 16:23:01', '2019-03-06 16:23:01'),
	(92, 2, 3, '2019-03-06 16:24:04', '2019-03-06 16:24:04'),
	(93, 2, 3, '2019-03-06 16:24:43', '2019-03-06 16:24:43'),
	(94, 2, 3, '2019-03-06 16:25:32', '2019-03-06 16:25:32'),
	(95, 2, 3, '2019-03-06 16:26:23', '2019-03-06 16:26:23'),
	(96, 2, 3, '2019-03-06 16:27:02', '2019-03-06 16:27:02'),
	(97, 2, 3, '2019-03-06 16:27:49', '2019-03-06 16:27:49'),
	(98, 2, 3, '2019-03-06 16:28:46', '2019-03-06 16:28:46'),
	(99, 1, 2, '2019-03-06 16:29:56', '2019-03-06 16:29:56'),
	(100, 1, 2, '2019-03-06 16:31:08', '2019-03-06 16:31:08'),
	(101, 2, 2, '2019-03-06 16:32:17', '2019-03-06 16:32:17'),
	(102, 2, 2, '2019-03-06 16:34:33', '2019-03-06 16:34:33'),
	(103, 2, 1, '2019-03-06 16:35:30', '2019-03-06 16:35:30'),
	(104, 2, 1, '2019-03-06 16:37:06', '2019-03-06 16:37:06'),
	(105, 2, 1, '2019-03-06 16:37:43', '2019-03-06 16:37:43'),
	(106, 1, 2, '2019-03-06 16:38:20', '2019-03-06 16:38:20'),
	(107, 1, 2, '2019-03-06 16:38:53', '2019-03-06 16:38:53'),
	(108, 1, 2, '2019-03-06 16:39:25', '2019-03-06 16:39:25'),
	(109, 1, 2, '2019-03-06 16:40:30', '2019-03-06 16:40:30'),
	(110, 2, 2, '2019-03-06 16:41:13', '2019-03-06 16:41:13'),
	(111, 1, 2, '2019-03-06 16:42:44', '2019-03-06 16:42:44'),
	(112, 2, 2, '2019-03-06 16:45:27', '2019-03-06 16:45:27'),
	(113, 1, 3, '2019-03-06 17:31:16', '2019-03-06 17:31:16'),
	(114, 2, 1, '2019-03-06 17:34:02', '2019-03-06 17:34:02'),
	(115, 2, 3, '2019-03-06 17:35:04', '2019-03-06 17:35:04'),
	(116, 1, 3, '2019-03-06 17:54:18', '2019-03-06 17:54:18'),
	(117, 1, 3, '2019-03-06 17:55:53', '2019-03-06 17:55:53'),
	(118, 3, 1, '2019-03-06 18:06:51', '2019-03-06 18:06:51'),
	(119, 3, 3, '2019-03-06 19:03:33', '2019-03-06 19:03:33'),
	(120, 3, 3, '2019-03-06 19:06:28', '2019-03-06 19:06:28'),
	(121, 3, 3, '2019-03-06 19:13:45', '2019-03-06 19:13:45'),
	(122, 3, 3, '2019-03-06 19:15:55', '2019-03-06 19:15:55'),
	(123, 3, 3, '2019-03-06 19:18:19', '2019-03-06 19:18:19'),
	(124, 3, 1, '2019-03-06 19:20:33', '2019-03-06 19:20:33'),
	(125, 3, 2, '2019-03-06 19:26:37', '2019-03-06 19:26:37'),
	(126, 3, 3, '2019-03-06 19:29:59', '2019-03-06 19:29:59'),
	(127, 3, 1, '2019-03-06 19:31:02', '2019-03-06 19:31:02'),
	(128, 3, 2, '2019-03-06 19:32:18', '2019-03-06 19:32:18'),
	(129, 3, 3, '2019-03-06 19:33:46', '2019-03-06 19:33:46'),
	(130, 1, 1, '2019-03-06 19:35:46', '2019-03-06 19:35:46'),
	(131, 1, 2, '2019-03-06 19:36:50', '2019-03-06 19:36:50'),
	(132, 1, 3, '2019-03-06 19:38:14', '2019-03-06 19:38:14'),
	(133, 1, 1, '2019-03-06 19:39:55', '2019-03-06 19:39:55'),
	(134, 1, 2, '2019-03-06 19:41:00', '2019-03-06 19:41:00'),
	(135, 1, 2, '2019-03-06 19:42:26', '2019-03-06 19:42:26'),
	(136, 1, 3, '2019-03-06 19:43:13', '2019-03-06 19:43:13'),
	(137, 1, 1, '2019-03-06 19:44:19', '2019-03-06 19:44:19'),
	(138, 1, 2, '2019-03-06 19:45:37', '2019-03-06 19:45:37'),
	(139, 1, 3, '2019-03-06 19:47:16', '2019-03-06 19:47:16'),
	(140, 2, 1, '2019-03-06 19:56:15', '2019-03-06 19:56:15'),
	(141, 2, 3, '2019-03-06 19:57:37', '2019-03-06 19:57:37'),
	(142, 3, 1, '2019-03-06 19:59:13', '2019-03-06 19:59:13'),
	(143, 2, 1, '2019-03-06 20:01:05', '2019-03-06 20:01:05'),
	(144, 2, 2, '2019-03-06 20:02:05', '2019-03-06 20:02:05'),
	(145, 2, 3, '2019-03-06 20:02:55', '2019-03-06 20:02:55'),
	(146, 2, 1, '2019-03-06 20:03:44', '2019-03-06 20:03:44'),
	(147, 2, 2, '2019-03-06 20:04:32', '2019-03-06 20:04:32'),
	(148, 2, 3, '2019-03-06 20:05:33', '2019-03-06 20:05:33'),
	(149, 2, 1, '2019-03-06 20:06:18', '2019-03-06 20:06:18'),
	(150, 2, 2, '2019-03-06 20:06:55', '2019-03-06 20:06:55'),
	(151, 2, 3, '2019-03-06 20:07:40', '2019-03-06 20:07:40');
/*!40000 ALTER TABLE `pizzas` ENABLE KEYS */;


-- Copiando estrutura para tabela teste_uds.pizza_adicionals
CREATE TABLE IF NOT EXISTS `pizza_adicionals` (
  `id` int(10) unsigned NOT NULL AUTO_INCREMENT,
  `pizza_id` int(10) unsigned NOT NULL,
  `adicional_id` int(10) unsigned NOT NULL,
  `created_at` timestamp NOT NULL DEFAULT '0000-00-00 00:00:00',
  `updated_at` timestamp NOT NULL DEFAULT '0000-00-00 00:00:00',
  PRIMARY KEY (`id`),
  KEY `pizza_adicionals_pizza_id_foreign` (`pizza_id`),
  KEY `pizza_adicionals_adicional_id_foreign` (`adicional_id`),
  CONSTRAINT `pizza_adicionals_adicional_id_foreign` FOREIGN KEY (`adicional_id`) REFERENCES `adicionals` (`id`),
  CONSTRAINT `pizza_adicionals_pizza_id_foreign` FOREIGN KEY (`pizza_id`) REFERENCES `pizzas` (`id`)
) ENGINE=InnoDB AUTO_INCREMENT=265 DEFAULT CHARSET=utf8 COLLATE=utf8_unicode_ci;

-- Copiando dados para a tabela teste_uds.pizza_adicionals: ~12 rows (aproximadamente)
/*!40000 ALTER TABLE `pizza_adicionals` DISABLE KEYS */;
INSERT INTO `pizza_adicionals` (`id`, `pizza_id`, `adicional_id`, `created_at`, `updated_at`) VALUES
	(9, 3, 1, '2019-03-05 02:56:50', '2019-03-05 02:56:50'),
	(10, 3, 2, '2019-03-05 02:57:20', '2019-03-05 02:57:20'),
	(11, 3, 3, '2019-03-05 02:57:20', '2019-03-05 02:57:20'),
	(12, 27, 1, '2019-03-06 08:22:29', '2019-03-06 08:22:29'),
	(13, 27, 2, '2019-03-06 08:22:30', '2019-03-06 08:22:30'),
	(14, 27, 3, '2019-03-06 08:22:32', '2019-03-06 08:22:32'),
	(15, 28, 1, '2019-03-06 09:14:06', '2019-03-06 09:14:06'),
	(16, 28, 2, '2019-03-06 09:14:07', '2019-03-06 09:14:07'),
	(17, 28, 3, '2019-03-06 09:14:09', '2019-03-06 09:14:09'),
	(19, 29, 1, '2019-03-06 09:15:48', '2019-03-06 09:15:48'),
	(20, 29, 2, '2019-03-06 09:15:49', '2019-03-06 09:15:49'),
	(21, 29, 3, '2019-03-06 09:15:51', '2019-03-06 09:15:51'),
	(22, 30, 1, '2019-03-06 09:16:58', '2019-03-06 09:16:58'),
	(23, 30, 2, '2019-03-06 09:17:03', '2019-03-06 09:17:03'),
	(24, 30, 3, '2019-03-06 09:17:05', '2019-03-06 09:17:05'),
	(25, 31, 1, '2019-03-06 11:23:12', '2019-03-06 11:23:12'),
	(26, 31, 3, '2019-03-06 11:23:16', '2019-03-06 11:23:16'),
	(27, 32, 1, '2019-03-06 11:31:45', '2019-03-06 11:31:45'),
	(28, 32, 3, '2019-03-06 11:31:47', '2019-03-06 11:31:47'),
	(29, 33, 1, '2019-03-06 11:36:32', '2019-03-06 11:36:32'),
	(30, 33, 3, '2019-03-06 11:36:34', '2019-03-06 11:36:34'),
	(31, 34, 1, '2019-03-06 11:38:14', '2019-03-06 11:38:14'),
	(32, 34, 3, '2019-03-06 11:38:16', '2019-03-06 11:38:16'),
	(33, 35, 2, '2019-03-06 11:40:31', '2019-03-06 11:40:31'),
	(34, 36, 1, '2019-03-06 11:41:58', '2019-03-06 11:41:58'),
	(35, 36, 3, '2019-03-06 11:42:00', '2019-03-06 11:42:00'),
	(36, 37, 1, '2019-03-06 11:48:25', '2019-03-06 11:48:25'),
	(37, 37, 3, '2019-03-06 11:48:27', '2019-03-06 11:48:27'),
	(38, 38, 1, '2019-03-06 11:49:38', '2019-03-06 11:49:38'),
	(39, 39, 1, '2019-03-06 12:06:20', '2019-03-06 12:06:20'),
	(40, 39, 3, '2019-03-06 12:06:22', '2019-03-06 12:06:22'),
	(41, 40, 1, '2019-03-06 12:22:01', '2019-03-06 12:22:01'),
	(42, 40, 3, '2019-03-06 12:22:03', '2019-03-06 12:22:03'),
	(43, 41, 1, '2019-03-06 12:24:58', '2019-03-06 12:24:58'),
	(44, 41, 2, '2019-03-06 12:25:01', '2019-03-06 12:25:01'),
	(45, 41, 3, '2019-03-06 12:25:03', '2019-03-06 12:25:03'),
	(46, 42, 1, '2019-03-06 12:32:44', '2019-03-06 12:32:44'),
	(47, 42, 3, '2019-03-06 12:32:46', '2019-03-06 12:32:46'),
	(48, 43, 1, '2019-03-06 12:33:57', '2019-03-06 12:33:57'),
	(49, 43, 2, '2019-03-06 12:33:59', '2019-03-06 12:33:59'),
	(50, 43, 3, '2019-03-06 12:34:02', '2019-03-06 12:34:02'),
	(51, 44, 1, '2019-03-06 12:36:45', '2019-03-06 12:36:45'),
	(52, 44, 3, '2019-03-06 12:36:47', '2019-03-06 12:36:47'),
	(53, 45, 1, '2019-03-06 12:39:35', '2019-03-06 12:39:35'),
	(54, 45, 2, '2019-03-06 12:39:37', '2019-03-06 12:39:37'),
	(55, 45, 3, '2019-03-06 12:39:39', '2019-03-06 12:39:39'),
	(56, 46, 1, '2019-03-06 13:03:44', '2019-03-06 13:03:44'),
	(57, 46, 2, '2019-03-06 13:03:46', '2019-03-06 13:03:46'),
	(58, 46, 3, '2019-03-06 13:03:48', '2019-03-06 13:03:48'),
	(59, 47, 1, '2019-03-06 13:05:25', '2019-03-06 13:05:25'),
	(60, 47, 2, '2019-03-06 13:05:30', '2019-03-06 13:05:30'),
	(61, 48, 1, '2019-03-06 13:16:50', '2019-03-06 13:16:50'),
	(62, 48, 2, '2019-03-06 13:16:52', '2019-03-06 13:16:52'),
	(63, 48, 3, '2019-03-06 13:16:54', '2019-03-06 13:16:54'),
	(64, 49, 1, '2019-03-06 13:18:58', '2019-03-06 13:18:58'),
	(65, 49, 3, '2019-03-06 13:19:00', '2019-03-06 13:19:00'),
	(66, 50, 1, '2019-03-06 13:28:21', '2019-03-06 13:28:21'),
	(67, 50, 2, '2019-03-06 13:28:23', '2019-03-06 13:28:23'),
	(68, 50, 3, '2019-03-06 13:28:25', '2019-03-06 13:28:25'),
	(69, 51, 1, '2019-03-06 13:32:07', '2019-03-06 13:32:07'),
	(70, 51, 2, '2019-03-06 13:32:09', '2019-03-06 13:32:09'),
	(71, 51, 3, '2019-03-06 13:32:11', '2019-03-06 13:32:11'),
	(72, 52, 1, '2019-03-06 13:34:23', '2019-03-06 13:34:23'),
	(73, 52, 2, '2019-03-06 13:34:25', '2019-03-06 13:34:25'),
	(74, 52, 3, '2019-03-06 13:34:27', '2019-03-06 13:34:27'),
	(75, 53, 1, '2019-03-06 13:38:34', '2019-03-06 13:38:34'),
	(76, 53, 2, '2019-03-06 13:38:36', '2019-03-06 13:38:36'),
	(77, 53, 3, '2019-03-06 13:38:38', '2019-03-06 13:38:38'),
	(78, 54, 1, '2019-03-06 13:41:31', '2019-03-06 13:41:31'),
	(79, 54, 2, '2019-03-06 13:41:34', '2019-03-06 13:41:34'),
	(80, 54, 3, '2019-03-06 13:41:37', '2019-03-06 13:41:37'),
	(81, 55, 1, '2019-03-06 13:50:29', '2019-03-06 13:50:29'),
	(82, 55, 2, '2019-03-06 13:50:32', '2019-03-06 13:50:32'),
	(83, 55, 3, '2019-03-06 13:50:34', '2019-03-06 13:50:34'),
	(84, 56, 1, '2019-03-06 14:03:02', '2019-03-06 14:03:02'),
	(85, 56, 2, '2019-03-06 14:03:05', '2019-03-06 14:03:05'),
	(86, 56, 3, '2019-03-06 14:03:08', '2019-03-06 14:03:08'),
	(87, 57, 3, '2019-03-06 14:06:08', '2019-03-06 14:06:08'),
	(88, 58, 1, '2019-03-06 14:14:47', '2019-03-06 14:14:47'),
	(89, 58, 2, '2019-03-06 14:14:49', '2019-03-06 14:14:49'),
	(90, 58, 3, '2019-03-06 14:14:51', '2019-03-06 14:14:51'),
	(91, 59, 1, '2019-03-06 14:18:56', '2019-03-06 14:18:56'),
	(92, 59, 2, '2019-03-06 14:18:58', '2019-03-06 14:18:58'),
	(93, 59, 3, '2019-03-06 14:19:00', '2019-03-06 14:19:00'),
	(94, 60, 1, '2019-03-06 14:21:01', '2019-03-06 14:21:01'),
	(95, 60, 2, '2019-03-06 14:21:04', '2019-03-06 14:21:04'),
	(96, 60, 3, '2019-03-06 14:21:07', '2019-03-06 14:21:07'),
	(97, 61, 1, '2019-03-06 14:23:03', '2019-03-06 14:23:03'),
	(98, 61, 2, '2019-03-06 14:23:05', '2019-03-06 14:23:05'),
	(99, 61, 3, '2019-03-06 14:23:07', '2019-03-06 14:23:07'),
	(100, 62, 1, '2019-03-06 14:26:17', '2019-03-06 14:26:17'),
	(101, 62, 2, '2019-03-06 14:26:20', '2019-03-06 14:26:20'),
	(102, 62, 3, '2019-03-06 14:26:22', '2019-03-06 14:26:22'),
	(103, 63, 1, '2019-03-06 14:32:18', '2019-03-06 14:32:18'),
	(104, 63, 2, '2019-03-06 14:32:20', '2019-03-06 14:32:20'),
	(105, 63, 3, '2019-03-06 14:32:21', '2019-03-06 14:32:21'),
	(106, 64, 1, '2019-03-06 14:34:27', '2019-03-06 14:34:27'),
	(107, 64, 2, '2019-03-06 14:34:30', '2019-03-06 14:34:30'),
	(108, 64, 3, '2019-03-06 14:34:32', '2019-03-06 14:34:32'),
	(109, 65, 1, '2019-03-06 14:35:40', '2019-03-06 14:35:40'),
	(110, 65, 2, '2019-03-06 14:35:43', '2019-03-06 14:35:43'),
	(111, 65, 3, '2019-03-06 14:35:45', '2019-03-06 14:35:45'),
	(112, 66, 1, '2019-03-06 14:38:00', '2019-03-06 14:38:00'),
	(113, 66, 2, '2019-03-06 14:38:05', '2019-03-06 14:38:05'),
	(114, 66, 3, '2019-03-06 14:38:08', '2019-03-06 14:38:08'),
	(115, 67, 1, '2019-03-06 14:39:58', '2019-03-06 14:39:58'),
	(116, 67, 2, '2019-03-06 14:40:00', '2019-03-06 14:40:00'),
	(117, 67, 3, '2019-03-06 14:40:02', '2019-03-06 14:40:02'),
	(118, 68, 1, '2019-03-06 14:44:34', '2019-03-06 14:44:34'),
	(119, 68, 2, '2019-03-06 14:44:36', '2019-03-06 14:44:36'),
	(120, 68, 3, '2019-03-06 14:44:38', '2019-03-06 14:44:38'),
	(121, 69, 1, '2019-03-06 14:46:23', '2019-03-06 14:46:23'),
	(122, 69, 2, '2019-03-06 14:46:26', '2019-03-06 14:46:26'),
	(123, 69, 3, '2019-03-06 14:46:29', '2019-03-06 14:46:29'),
	(124, 70, 1, '2019-03-06 14:50:59', '2019-03-06 14:50:59'),
	(125, 70, 2, '2019-03-06 14:51:02', '2019-03-06 14:51:02'),
	(126, 70, 3, '2019-03-06 14:51:06', '2019-03-06 14:51:06'),
	(127, 71, 1, '2019-03-06 14:53:23', '2019-03-06 14:53:23'),
	(128, 71, 2, '2019-03-06 14:53:25', '2019-03-06 14:53:25'),
	(129, 71, 3, '2019-03-06 14:53:27', '2019-03-06 14:53:27'),
	(130, 72, 1, '2019-03-06 14:55:53', '2019-03-06 14:55:53'),
	(131, 72, 2, '2019-03-06 14:55:55', '2019-03-06 14:55:55'),
	(132, 72, 3, '2019-03-06 14:55:57', '2019-03-06 14:55:57'),
	(133, 73, 1, '2019-03-06 14:57:22', '2019-03-06 14:57:22'),
	(134, 73, 2, '2019-03-06 14:57:25', '2019-03-06 14:57:25'),
	(135, 73, 3, '2019-03-06 14:57:27', '2019-03-06 14:57:27'),
	(136, 74, 1, '2019-03-06 14:59:31', '2019-03-06 14:59:31'),
	(137, 74, 2, '2019-03-06 14:59:34', '2019-03-06 14:59:34'),
	(138, 74, 3, '2019-03-06 14:59:36', '2019-03-06 14:59:36'),
	(139, 75, 1, '2019-03-06 15:01:20', '2019-03-06 15:01:20'),
	(140, 75, 2, '2019-03-06 15:01:22', '2019-03-06 15:01:22'),
	(141, 75, 3, '2019-03-06 15:01:24', '2019-03-06 15:01:24'),
	(142, 76, 1, '2019-03-06 15:04:10', '2019-03-06 15:04:10'),
	(143, 76, 2, '2019-03-06 15:04:13', '2019-03-06 15:04:13'),
	(144, 76, 3, '2019-03-06 15:04:15', '2019-03-06 15:04:15'),
	(145, 77, 1, '2019-03-06 15:05:40', '2019-03-06 15:05:40'),
	(146, 77, 2, '2019-03-06 15:05:42', '2019-03-06 15:05:42'),
	(147, 77, 3, '2019-03-06 15:05:44', '2019-03-06 15:05:44'),
	(148, 78, 1, '2019-03-06 15:09:04', '2019-03-06 15:09:04'),
	(149, 78, 2, '2019-03-06 15:09:06', '2019-03-06 15:09:06'),
	(150, 78, 3, '2019-03-06 15:09:09', '2019-03-06 15:09:09'),
	(151, 79, 1, '2019-03-06 15:53:13', '2019-03-06 15:53:13'),
	(152, 79, 2, '2019-03-06 15:53:16', '2019-03-06 15:53:16'),
	(153, 79, 3, '2019-03-06 15:53:20', '2019-03-06 15:53:20'),
	(154, 80, 1, '2019-03-06 15:55:36', '2019-03-06 15:55:36'),
	(155, 80, 2, '2019-03-06 15:55:38', '2019-03-06 15:55:38'),
	(156, 80, 3, '2019-03-06 15:55:40', '2019-03-06 15:55:40'),
	(157, 81, 1, '2019-03-06 15:56:51', '2019-03-06 15:56:51'),
	(158, 81, 2, '2019-03-06 15:56:56', '2019-03-06 15:56:56'),
	(159, 81, 3, '2019-03-06 15:56:59', '2019-03-06 15:56:59'),
	(160, 82, 1, '2019-03-06 16:00:31', '2019-03-06 16:00:31'),
	(161, 82, 2, '2019-03-06 16:00:33', '2019-03-06 16:00:33'),
	(162, 82, 3, '2019-03-06 16:00:35', '2019-03-06 16:00:35'),
	(163, 83, 1, '2019-03-06 16:02:49', '2019-03-06 16:02:49'),
	(164, 83, 2, '2019-03-06 16:02:52', '2019-03-06 16:02:52'),
	(165, 83, 3, '2019-03-06 16:02:54', '2019-03-06 16:02:54'),
	(166, 84, 1, '2019-03-06 16:05:24', '2019-03-06 16:05:24'),
	(167, 84, 2, '2019-03-06 16:05:26', '2019-03-06 16:05:26'),
	(168, 84, 3, '2019-03-06 16:05:28', '2019-03-06 16:05:28'),
	(169, 85, 1, '2019-03-06 16:07:01', '2019-03-06 16:07:01'),
	(170, 85, 2, '2019-03-06 16:07:03', '2019-03-06 16:07:03'),
	(171, 85, 3, '2019-03-06 16:07:07', '2019-03-06 16:07:07'),
	(172, 86, 1, '2019-03-06 16:08:50', '2019-03-06 16:08:50'),
	(173, 86, 2, '2019-03-06 16:08:53', '2019-03-06 16:08:53'),
	(174, 86, 3, '2019-03-06 16:08:56', '2019-03-06 16:08:56'),
	(175, 87, 1, '2019-03-06 16:13:04', '2019-03-06 16:13:04'),
	(176, 87, 2, '2019-03-06 16:13:06', '2019-03-06 16:13:06'),
	(177, 87, 3, '2019-03-06 16:13:08', '2019-03-06 16:13:08'),
	(178, 88, 1, '2019-03-06 16:17:13', '2019-03-06 16:17:13'),
	(179, 88, 2, '2019-03-06 16:17:15', '2019-03-06 16:17:15'),
	(180, 88, 3, '2019-03-06 16:17:17', '2019-03-06 16:17:17'),
	(181, 89, 1, '2019-03-06 16:18:46', '2019-03-06 16:18:46'),
	(182, 89, 2, '2019-03-06 16:18:49', '2019-03-06 16:18:49'),
	(183, 89, 3, '2019-03-06 16:18:51', '2019-03-06 16:18:51'),
	(184, 90, 2, '2019-03-06 16:20:45', '2019-03-06 16:20:45'),
	(185, 90, 3, '2019-03-06 16:20:47', '2019-03-06 16:20:47'),
	(186, 91, 3, '2019-03-06 16:23:02', '2019-03-06 16:23:02'),
	(187, 92, 3, '2019-03-06 16:24:07', '2019-03-06 16:24:07'),
	(188, 93, 3, '2019-03-06 16:24:45', '2019-03-06 16:24:45'),
	(189, 94, 3, '2019-03-06 16:25:36', '2019-03-06 16:25:36'),
	(190, 95, 3, '2019-03-06 16:26:26', '2019-03-06 16:26:26'),
	(191, 96, 3, '2019-03-06 16:27:05', '2019-03-06 16:27:05'),
	(192, 97, 3, '2019-03-06 16:27:52', '2019-03-06 16:27:52'),
	(193, 98, 3, '2019-03-06 16:28:49', '2019-03-06 16:28:49'),
	(194, 99, 2, '2019-03-06 16:29:58', '2019-03-06 16:29:58'),
	(195, 100, 2, '2019-03-06 16:31:10', '2019-03-06 16:31:10'),
	(196, 101, 2, '2019-03-06 16:32:20', '2019-03-06 16:32:20'),
	(197, 102, 2, '2019-03-06 16:34:36', '2019-03-06 16:34:36'),
	(198, 103, 1, '2019-03-06 16:35:32', '2019-03-06 16:35:32'),
	(199, 104, 1, '2019-03-06 16:37:08', '2019-03-06 16:37:08'),
	(200, 105, 1, '2019-03-06 16:37:50', '2019-03-06 16:37:50'),
	(201, 106, 2, '2019-03-06 16:38:23', '2019-03-06 16:38:23'),
	(202, 107, 2, '2019-03-06 16:38:56', '2019-03-06 16:38:56'),
	(203, 108, 2, '2019-03-06 16:39:31', '2019-03-06 16:39:31'),
	(204, 109, 2, '2019-03-06 16:40:35', '2019-03-06 16:40:35'),
	(205, 110, 2, '2019-03-06 16:41:16', '2019-03-06 16:41:16'),
	(206, 110, 3, '2019-03-06 16:41:19', '2019-03-06 16:41:19'),
	(207, 111, 1, '2019-03-06 16:42:46', '2019-03-06 16:42:46'),
	(208, 111, 2, '2019-03-06 16:42:48', '2019-03-06 16:42:48'),
	(209, 111, 3, '2019-03-06 16:42:50', '2019-03-06 16:42:50'),
	(210, 112, 1, '2019-03-06 16:45:30', '2019-03-06 16:45:30'),
	(211, 112, 2, '2019-03-06 16:45:32', '2019-03-06 16:45:32'),
	(212, 112, 3, '2019-03-06 16:45:34', '2019-03-06 16:45:34'),
	(213, 113, 1, '2019-03-06 17:31:18', '2019-03-06 17:31:18'),
	(214, 113, 2, '2019-03-06 17:31:20', '2019-03-06 17:31:20'),
	(215, 113, 3, '2019-03-06 17:31:22', '2019-03-06 17:31:22'),
	(216, 114, 1, '2019-03-06 17:34:04', '2019-03-06 17:34:04'),
	(217, 114, 3, '2019-03-06 17:34:06', '2019-03-06 17:34:06'),
	(218, 115, 1, '2019-03-06 17:35:06', '2019-03-06 17:35:06'),
	(219, 115, 2, '2019-03-06 17:35:08', '2019-03-06 17:35:08'),
	(220, 116, 1, '2019-03-06 17:54:20', '2019-03-06 17:54:20'),
	(221, 116, 2, '2019-03-06 17:54:23', '2019-03-06 17:54:23'),
	(222, 116, 3, '2019-03-06 17:54:25', '2019-03-06 17:54:25'),
	(223, 117, 1, '2019-03-06 17:55:56', '2019-03-06 17:55:56'),
	(224, 117, 2, '2019-03-06 17:55:58', '2019-03-06 17:55:58'),
	(225, 117, 3, '2019-03-06 17:56:00', '2019-03-06 17:56:00'),
	(226, 120, 3, '2019-03-06 19:06:30', '2019-03-06 19:06:30'),
	(227, 121, 3, '2019-03-06 19:13:47', '2019-03-06 19:13:47'),
	(228, 122, 1, '2019-03-06 19:15:58', '2019-03-06 19:15:58'),
	(229, 122, 2, '2019-03-06 19:16:00', '2019-03-06 19:16:00'),
	(230, 122, 3, '2019-03-06 19:16:02', '2019-03-06 19:16:02'),
	(231, 123, 1, '2019-03-06 19:18:21', '2019-03-06 19:18:21'),
	(232, 123, 2, '2019-03-06 19:18:23', '2019-03-06 19:18:23'),
	(233, 124, 1, '2019-03-06 19:20:35', '2019-03-06 19:20:35'),
	(234, 124, 3, '2019-03-06 19:20:37', '2019-03-06 19:20:37'),
	(235, 125, 1, '2019-03-06 19:26:39', '2019-03-06 19:26:39'),
	(236, 125, 2, '2019-03-06 19:26:41', '2019-03-06 19:26:41'),
	(237, 125, 3, '2019-03-06 19:26:44', '2019-03-06 19:26:44'),
	(238, 126, 1, '2019-03-06 19:30:01', '2019-03-06 19:30:01'),
	(239, 126, 2, '2019-03-06 19:30:03', '2019-03-06 19:30:03'),
	(240, 126, 3, '2019-03-06 19:30:05', '2019-03-06 19:30:05'),
	(241, 127, 1, '2019-03-06 19:31:04', '2019-03-06 19:31:04'),
	(242, 128, 1, '2019-03-06 19:32:20', '2019-03-06 19:32:20'),
	(243, 129, 2, '2019-03-06 19:33:48', '2019-03-06 19:33:48'),
	(244, 133, 1, '2019-03-06 19:39:58', '2019-03-06 19:39:58'),
	(245, 133, 2, '2019-03-06 19:40:02', '2019-03-06 19:40:02'),
	(246, 134, 1, '2019-03-06 19:41:02', '2019-03-06 19:41:02'),
	(247, 135, 1, '2019-03-06 19:42:28', '2019-03-06 19:42:28'),
	(248, 136, 1, '2019-03-06 19:43:14', '2019-03-06 19:43:14'),
	(249, 137, 1, '2019-03-06 19:44:21', '2019-03-06 19:44:21'),
	(250, 137, 2, '2019-03-06 19:44:23', '2019-03-06 19:44:23'),
	(251, 137, 3, '2019-03-06 19:44:25', '2019-03-06 19:44:25'),
	(252, 138, 1, '2019-03-06 19:45:39', '2019-03-06 19:45:39'),
	(253, 138, 3, '2019-03-06 19:45:41', '2019-03-06 19:45:41'),
	(254, 139, 1, '2019-03-06 19:47:18', '2019-03-06 19:47:18'),
	(255, 139, 2, '2019-03-06 19:47:20', '2019-03-06 19:47:20'),
	(256, 139, 3, '2019-03-06 19:47:22', '2019-03-06 19:47:22'),
	(257, 146, 1, '2019-03-06 20:03:46', '2019-03-06 20:03:46'),
	(258, 147, 1, '2019-03-06 20:04:34', '2019-03-06 20:04:34'),
	(259, 148, 1, '2019-03-06 20:05:36', '2019-03-06 20:05:36'),
	(260, 149, 3, '2019-03-06 20:06:20', '2019-03-06 20:06:20'),
	(261, 150, 2, '2019-03-06 20:06:57', '2019-03-06 20:06:57'),
	(262, 150, 3, '2019-03-06 20:06:59', '2019-03-06 20:06:59'),
	(263, 151, 2, '2019-03-06 20:07:42', '2019-03-06 20:07:42'),
	(264, 151, 3, '2019-03-06 20:07:44', '2019-03-06 20:07:44');
/*!40000 ALTER TABLE `pizza_adicionals` ENABLE KEYS */;


-- Copiando estrutura para tabela teste_uds.sabors
CREATE TABLE IF NOT EXISTS `sabors` (
  `id` int(10) unsigned NOT NULL AUTO_INCREMENT,
  `nome` varchar(50) COLLATE utf8_unicode_ci NOT NULL,
  `tempo_preparo_adicional` int(11) NOT NULL,
  `created_at` timestamp NOT NULL DEFAULT '0000-00-00 00:00:00',
  `updated_at` timestamp NOT NULL DEFAULT '0000-00-00 00:00:00',
  PRIMARY KEY (`id`)
) ENGINE=InnoDB AUTO_INCREMENT=4 DEFAULT CHARSET=utf8 COLLATE=utf8_unicode_ci;

-- Copiando dados para a tabela teste_uds.sabors: ~3 rows (aproximadamente)
/*!40000 ALTER TABLE `sabors` DISABLE KEYS */;
INSERT INTO `sabors` (`id`, `nome`, `tempo_preparo_adicional`, `created_at`, `updated_at`) VALUES
	(1, 'Calabresa', 0, '2019-03-04 21:52:09', '2019-03-04 21:52:09'),
	(2, 'Marguerita', 0, '2019-03-04 21:52:09', '2019-03-04 21:52:09'),
	(3, 'Portuguesa', 5, '2019-03-04 21:52:09', '2019-03-04 21:52:09');
/*!40000 ALTER TABLE `sabors` ENABLE KEYS */;


-- Copiando estrutura para tabela teste_uds.tamanhos
CREATE TABLE IF NOT EXISTS `tamanhos` (
  `id` int(10) unsigned NOT NULL AUTO_INCREMENT,
  `nome` varchar(30) COLLATE utf8_unicode_ci NOT NULL,
  `valor` decimal(16,4) NOT NULL,
  `tempo_preparo` int(11) NOT NULL,
  `created_at` timestamp NOT NULL DEFAULT '0000-00-00 00:00:00',
  `updated_at` timestamp NOT NULL DEFAULT '0000-00-00 00:00:00',
  PRIMARY KEY (`id`)
) ENGINE=InnoDB AUTO_INCREMENT=4 DEFAULT CHARSET=utf8 COLLATE=utf8_unicode_ci;

-- Copiando dados para a tabela teste_uds.tamanhos: ~3 rows (aproximadamente)
/*!40000 ALTER TABLE `tamanhos` DISABLE KEYS */;
INSERT INTO `tamanhos` (`id`, `nome`, `valor`, `tempo_preparo`, `created_at`, `updated_at`) VALUES
	(1, 'Pequena', 20.0000, 15, '2019-03-04 21:52:09', '2019-03-04 21:52:09'),
	(2, 'Média', 30.0000, 20, '2019-03-04 21:52:09', '2019-03-04 21:52:09'),
	(3, 'Grande', 40.0000, 25, '2019-03-04 21:52:09', '2019-03-04 21:52:09');
/*!40000 ALTER TABLE `tamanhos` ENABLE KEYS */;


-- Copiando estrutura para tabela teste_uds.users
CREATE TABLE IF NOT EXISTS `users` (
  `id` int(10) unsigned NOT NULL AUTO_INCREMENT,
  `name` varchar(255) COLLATE utf8_unicode_ci NOT NULL,
  `email` varchar(255) COLLATE utf8_unicode_ci NOT NULL,
  `password` varchar(60) COLLATE utf8_unicode_ci NOT NULL,
  `remember_token` varchar(100) COLLATE utf8_unicode_ci DEFAULT NULL,
  `created_at` timestamp NOT NULL DEFAULT '0000-00-00 00:00:00',
  `updated_at` timestamp NOT NULL DEFAULT '0000-00-00 00:00:00',
  PRIMARY KEY (`id`),
  UNIQUE KEY `users_email_unique` (`email`)
) ENGINE=InnoDB DEFAULT CHARSET=utf8 COLLATE=utf8_unicode_ci;

-- Copiando dados para a tabela teste_uds.users: ~0 rows (aproximadamente)
/*!40000 ALTER TABLE `users` DISABLE KEYS */;
/*!40000 ALTER TABLE `users` ENABLE KEYS */;
/*!40101 SET SQL_MODE=IFNULL(@OLD_SQL_MODE, '') */;
/*!40014 SET FOREIGN_KEY_CHECKS=IF(@OLD_FOREIGN_KEY_CHECKS IS NULL, 1, @OLD_FOREIGN_KEY_CHECKS) */;
/*!40101 SET CHARACTER_SET_CLIENT=@OLD_CHARACTER_SET_CLIENT */;
